Comunidades y Ciudades Autónomas;Desigualdad en la distribución de ingresos (S80/S20 y coeficiente de Gini);Periodo;Total
Total Nacional;Desigualdad (S80/S20);2024;5,4
Total Nacional;Desigualdad (S80/S20);2023;5,5
Total Nacional;Desigualdad (S80/S20);2022;5,6
Total Nacional;Desigualdad (S80/S20);2021;6,2
Total Nacional;Desigualdad (S80/S20);2020;5,8
Total Nacional;Desigualdad (S80/S20);2019;5,9
Total Nacional;Desigualdad (S80/S20);2018;6
Total Nacional;Desigualdad (S80/S20);2017;6,6
Total Nacional;Desigualdad (S80/S20);2016;6,6
Total Nacional;Desigualdad (S80/S20);2015;6,9
Total Nacional;Desigualdad (S80/S20);2014;6,8
Total Nacional;Desigualdad (S80/S20);2013;6,3
Total Nacional;Desigualdad (S80/S20);2012;6,5
Total Nacional;Desigualdad (S80/S20);2011;6,3
Total Nacional;Desigualdad (S80/S20);2010;6,2
Total Nacional;Desigualdad (S80/S20);2009;5,9
Total Nacional;Desigualdad (S80/S20);2008;5,6
Total Nacional;Distribución de la renta S80/S20 (alquiler imputado);2024;4,7
Total Nacional;Distribución de la renta S80/S20 (alquiler imputado);2023;4,7
Total Nacional;Distribución de la renta S80/S20 (alquiler imputado);2022;4,8
Total Nacional;Distribución de la renta S80/S20 (alquiler imputado);2021;5,2
Total Nacional;Distribución de la renta S80/S20 (alquiler imputado);2020;4,9
Total Nacional;Distribución de la renta S80/S20 (alquiler imputado);2019;5
Total Nacional;Distribución de la renta S80/S20 (alquiler imputado);2018;5,1
Total Nacional;Distribución de la renta S80/S20 (alquiler imputado);2017;5,4
Total Nacional;Distribución de la renta S80/S20 (alquiler imputado);2016;5,4
Total Nacional;Distribución de la renta S80/S20 (alquiler imputado);2015;5,6
Total Nacional;Distribución de la renta S80/S20 (alquiler imputado);2014;5,6
Total Nacional;Distribución de la renta S80/S20 (alquiler imputado);2013;5,3
Total Nacional;Distribución de la renta S80/S20 (alquiler imputado);2012;5,4
Total Nacional;Distribución de la renta S80/S20 (alquiler imputado);2011;5,2
Total Nacional;Distribución de la renta S80/S20 (alquiler imputado);2010;5,1
Total Nacional;Distribución de la renta S80/S20 (alquiler imputado);2009;5
Total Nacional;Distribución de la renta S80/S20 (alquiler imputado);2008;4,8
Total Nacional;Gini;2024;31,2
Total Nacional;Gini;2023;31,5
Total Nacional;Gini;2022;32
Total Nacional;Gini;2021;33
Total Nacional;Gini;2020;32,1
Total Nacional;Gini;2019;33
Total Nacional;Gini;2018;33,2
Total Nacional;Gini;2017;34,1
Total Nacional;Gini;2016;34,5
Total Nacional;Gini;2015;34,6
Total Nacional;Gini;2014;34,7
Total Nacional;Gini;2013;33,7
Total Nacional;Gini;2012;34,2
Total Nacional;Gini;2011;34
Total Nacional;Gini;2010;33,5
Total Nacional;Gini;2009;32,9
Total Nacional;Gini;2008;32,4
Total Nacional;Gini (con alquiler imputado);2024;29,1
Total Nacional;Gini (con alquiler imputado);2023;29,2
Total Nacional;Gini (con alquiler imputado);2022;29,3
Total Nacional;Gini (con alquiler imputado);2021;30,3
Total Nacional;Gini (con alquiler imputado);2020;29,6
Total Nacional;Gini (con alquiler imputado);2019;30,4
Total Nacional;Gini (con alquiler imputado);2018;30,4
Total Nacional;Gini (con alquiler imputado);2017;31,1
Total Nacional;Gini (con alquiler imputado);2016;31,5
Total Nacional;Gini (con alquiler imputado);2015;31,6
Total Nacional;Gini (con alquiler imputado);2014;31,7
Total Nacional;Gini (con alquiler imputado);2013;31,1
Total Nacional;Gini (con alquiler imputado);2012;31,5
Total Nacional;Gini (con alquiler imputado);2011;31,2
Total Nacional;Gini (con alquiler imputado);2010;30,7
Total Nacional;Gini (con alquiler imputado);2009;30,5
Total Nacional;Gini (con alquiler imputado);2008;29,9
01 Andalucía;Desigualdad (S80/S20);2024;5,5
01 Andalucía;Desigualdad (S80/S20);2023;5,9
01 Andalucía;Desigualdad (S80/S20);2022;6
01 Andalucía;Desigualdad (S80/S20);2021;6,8
01 Andalucía;Desigualdad (S80/S20);2020;5,3
01 Andalucía;Desigualdad (S80/S20);2019;6,1
01 Andalucía;Desigualdad (S80/S20);2018;6,5
01 Andalucía;Desigualdad (S80/S20);2017;6,9
01 Andalucía;Desigualdad (S80/S20);2016;7,2
01 Andalucía;Desigualdad (S80/S20);2015;7
01 Andalucía;Desigualdad (S80/S20);2014;7,1
01 Andalucía;Desigualdad (S80/S20);2013;6,6
01 Andalucía;Desigualdad (S80/S20);2012;6,2
01 Andalucía;Desigualdad (S80/S20);2011;7,3
01 Andalucía;Desigualdad (S80/S20);2010;6,2
01 Andalucía;Desigualdad (S80/S20);2009;6
01 Andalucía;Desigualdad (S80/S20);2008;6
01 Andalucía;Distribución de la renta S80/S20 (alquiler imputado);2024;4,6
01 Andalucía;Distribución de la renta S80/S20 (alquiler imputado);2023;4,9
01 Andalucía;Distribución de la renta S80/S20 (alquiler imputado);2022;4,8
01 Andalucía;Distribución de la renta S80/S20 (alquiler imputado);2021;5,2
01 Andalucía;Distribución de la renta S80/S20 (alquiler imputado);2020;4,3
01 Andalucía;Distribución de la renta S80/S20 (alquiler imputado);2019;4,8
01 Andalucía;Distribución de la renta S80/S20 (alquiler imputado);2018;5
01 Andalucía;Distribución de la renta S80/S20 (alquiler imputado);2017;5,4
01 Andalucía;Distribución de la renta S80/S20 (alquiler imputado);2016;5,6
01 Andalucía;Distribución de la renta S80/S20 (alquiler imputado);2015;5,2
01 Andalucía;Distribución de la renta S80/S20 (alquiler imputado);2014;5,3
01 Andalucía;Distribución de la renta S80/S20 (alquiler imputado);2013;5,1
01 Andalucía;Distribución de la renta S80/S20 (alquiler imputado);2012;4,9
01 Andalucía;Distribución de la renta S80/S20 (alquiler imputado);2011;5,6
01 Andalucía;Distribución de la renta S80/S20 (alquiler imputado);2010;4,9
01 Andalucía;Distribución de la renta S80/S20 (alquiler imputado);2009;4,9
01 Andalucía;Distribución de la renta S80/S20 (alquiler imputado);2008;4,8
01 Andalucía;Gini;2024;31,4
01 Andalucía;Gini;2023;32,6
01 Andalucía;Gini;2022;32,8
01 Andalucía;Gini;2021;34,3
01 Andalucía;Gini;2020;30,8
01 Andalucía;Gini;2019;33,4
01 Andalucía;Gini;2018;34,9
01 Andalucía;Gini;2017;35,5
01 Andalucía;Gini;2016;36,1
01 Andalucía;Gini;2015;35
01 Andalucía;Gini;2014;35,2
01 Andalucía;Gini;2013;34
01 Andalucía;Gini;2012;34
01 Andalucía;Gini;2011;35,1
01 Andalucía;Gini;2010;33,3
01 Andalucía;Gini;2009;33
01 Andalucía;Gini;2008;33,8
01 Andalucía;Gini (con alquiler imputado);2024;28,6
01 Andalucía;Gini (con alquiler imputado);2023;29,6
01 Andalucía;Gini (con alquiler imputado);2022;29,2
01 Andalucía;Gini (con alquiler imputado);2021;30,6
01 Andalucía;Gini (con alquiler imputado);2020;27,7
01 Andalucía;Gini (con alquiler imputado);2019;29,9
01 Andalucía;Gini (con alquiler imputado);2018;31
01 Andalucía;Gini (con alquiler imputado);2017;31,6
01 Andalucía;Gini (con alquiler imputado);2016;32
01 Andalucía;Gini (con alquiler imputado);2015;31
01 Andalucía;Gini (con alquiler imputado);2014;31,2
01 Andalucía;Gini (con alquiler imputado);2013;30,5
01 Andalucía;Gini (con alquiler imputado);2012;30,4
01 Andalucía;Gini (con alquiler imputado);2011;31,6
01 Andalucía;Gini (con alquiler imputado);2010;29,5
01 Andalucía;Gini (con alquiler imputado);2009;29,7
01 Andalucía;Gini (con alquiler imputado);2008;30,2
02 Aragón;Desigualdad (S80/S20);2024;4,4
02 Aragón;Desigualdad (S80/S20);2023;4,3
02 Aragón;Desigualdad (S80/S20);2022;4,4
02 Aragón;Desigualdad (S80/S20);2021;4,9
02 Aragón;Desigualdad (S80/S20);2020;4,7
02 Aragón;Desigualdad (S80/S20);2019;4,7
02 Aragón;Desigualdad (S80/S20);2018;4,3
02 Aragón;Desigualdad (S80/S20);2017;4,6
02 Aragón;Desigualdad (S80/S20);2016;5,1
02 Aragón;Desigualdad (S80/S20);2015;5,4
02 Aragón;Desigualdad (S80/S20);2014;6
02 Aragón;Desigualdad (S80/S20);2013;5,6
02 Aragón;Desigualdad (S80/S20);2012;5,3
02 Aragón;Desigualdad (S80/S20);2011;5,3
02 Aragón;Desigualdad (S80/S20);2010;4,2
02 Aragón;Desigualdad (S80/S20);2009;4,4
02 Aragón;Desigualdad (S80/S20);2008;4,7
02 Aragón;Distribución de la renta S80/S20 (alquiler imputado);2024;4
02 Aragón;Distribución de la renta S80/S20 (alquiler imputado);2023;4
02 Aragón;Distribución de la renta S80/S20 (alquiler imputado);2022;4
02 Aragón;Distribución de la renta S80/S20 (alquiler imputado);2021;4,4
02 Aragón;Distribución de la renta S80/S20 (alquiler imputado);2020;4
02 Aragón;Distribución de la renta S80/S20 (alquiler imputado);2019;4,1
02 Aragón;Distribución de la renta S80/S20 (alquiler imputado);2018;3,8
02 Aragón;Distribución de la renta S80/S20 (alquiler imputado);2017;4,1
02 Aragón;Distribución de la renta S80/S20 (alquiler imputado);2016;4,4
02 Aragón;Distribución de la renta S80/S20 (alquiler imputado);2015;4,8
02 Aragón;Distribución de la renta S80/S20 (alquiler imputado);2014;5,5
02 Aragón;Distribución de la renta S80/S20 (alquiler imputado);2013;5,1
02 Aragón;Distribución de la renta S80/S20 (alquiler imputado);2012;5
02 Aragón;Distribución de la renta S80/S20 (alquiler imputado);2011;4,6
02 Aragón;Distribución de la renta S80/S20 (alquiler imputado);2010;3,8
02 Aragón;Distribución de la renta S80/S20 (alquiler imputado);2009;4
02 Aragón;Distribución de la renta S80/S20 (alquiler imputado);2008;4,1
02 Aragón;Gini;2024;27,1
02 Aragón;Gini;2023;27,2
02 Aragón;Gini;2022;27,3
02 Aragón;Gini;2021;28,7
02 Aragón;Gini;2020;27,4
02 Aragón;Gini;2019;27,5
02 Aragón;Gini;2018;27,3
02 Aragón;Gini;2017;28,8
02 Aragón;Gini;2016;30,4
02 Aragón;Gini;2015;31,6
02 Aragón;Gini;2014;32,8
02 Aragón;Gini;2013;31,8
02 Aragón;Gini;2012;30
02 Aragón;Gini;2011;29,6
02 Aragón;Gini;2010;26,6
02 Aragón;Gini;2009;27,8
02 Aragón;Gini;2008;27,6
02 Aragón;Gini (con alquiler imputado);2024;25,8
02 Aragón;Gini (con alquiler imputado);2023;25,7
02 Aragón;Gini (con alquiler imputado);2022;25,6
02 Aragón;Gini (con alquiler imputado);2021;27
02 Aragón;Gini (con alquiler imputado);2020;25,7
02 Aragón;Gini (con alquiler imputado);2019;25,7
02 Aragón;Gini (con alquiler imputado);2018;25,3
02 Aragón;Gini (con alquiler imputado);2017;26,5
02 Aragón;Gini (con alquiler imputado);2016;27,8
02 Aragón;Gini (con alquiler imputado);2015;29,3
02 Aragón;Gini (con alquiler imputado);2014;30,4
02 Aragón;Gini (con alquiler imputado);2013;29,9
02 Aragón;Gini (con alquiler imputado);2012;28,5
02 Aragón;Gini (con alquiler imputado);2011;27,3
02 Aragón;Gini (con alquiler imputado);2010;24,6
02 Aragón;Gini (con alquiler imputado);2009;26,3
02 Aragón;Gini (con alquiler imputado);2008;25,8
03 Asturias, Principado de;Desigualdad (S80/S20);2024;4,6
03 Asturias, Principado de;Desigualdad (S80/S20);2023;5,4
03 Asturias, Principado de;Desigualdad (S80/S20);2022;5,7
03 Asturias, Principado de;Desigualdad (S80/S20);2021;6
03 Asturias, Principado de;Desigualdad (S80/S20);2020;7,3
03 Asturias, Principado de;Desigualdad (S80/S20);2019;7,8
03 Asturias, Principado de;Desigualdad (S80/S20);2018;4,8
03 Asturias, Principado de;Desigualdad (S80/S20);2017;5,5
03 Asturias, Principado de;Desigualdad (S80/S20);2016;5,1
03 Asturias, Principado de;Desigualdad (S80/S20);2015;5,2
03 Asturias, Principado de;Desigualdad (S80/S20);2014;6,3
03 Asturias, Principado de;Desigualdad (S80/S20);2013;5,1
03 Asturias, Principado de;Desigualdad (S80/S20);2012;5,2
03 Asturias, Principado de;Desigualdad (S80/S20);2011;4,9
03 Asturias, Principado de;Desigualdad (S80/S20);2010;4,7
03 Asturias, Principado de;Desigualdad (S80/S20);2009;5,1
03 Asturias, Principado de;Desigualdad (S80/S20);2008;4,9
03 Asturias, Principado de;Distribución de la renta S80/S20 (alquiler imputado);2024;3,9
03 Asturias, Principado de;Distribución de la renta S80/S20 (alquiler imputado);2023;4,5
03 Asturias, Principado de;Distribución de la renta S80/S20 (alquiler imputado);2022;4,7
03 Asturias, Principado de;Distribución de la renta S80/S20 (alquiler imputado);2021;5
03 Asturias, Principado de;Distribución de la renta S80/S20 (alquiler imputado);2020;5,7
03 Asturias, Principado de;Distribución de la renta S80/S20 (alquiler imputado);2019;6,2
03 Asturias, Principado de;Distribución de la renta S80/S20 (alquiler imputado);2018;4,3
03 Asturias, Principado de;Distribución de la renta S80/S20 (alquiler imputado);2017;4,7
03 Asturias, Principado de;Distribución de la renta S80/S20 (alquiler imputado);2016;4,3
03 Asturias, Principado de;Distribución de la renta S80/S20 (alquiler imputado);2015;4,6
03 Asturias, Principado de;Distribución de la renta S80/S20 (alquiler imputado);2014;5
03 Asturias, Principado de;Distribución de la renta S80/S20 (alquiler imputado);2013;4,4
03 Asturias, Principado de;Distribución de la renta S80/S20 (alquiler imputado);2012;4,4
03 Asturias, Principado de;Distribución de la renta S80/S20 (alquiler imputado);2011;4,3
03 Asturias, Principado de;Distribución de la renta S80/S20 (alquiler imputado);2010;4,1
03 Asturias, Principado de;Distribución de la renta S80/S20 (alquiler imputado);2009;4,1
03 Asturias, Principado de;Distribución de la renta S80/S20 (alquiler imputado);2008;4,1
03 Asturias, Principado de;Gini;2024;28,1
03 Asturias, Principado de;Gini;2023;30,5
03 Asturias, Principado de;Gini;2022;31,1
03 Asturias, Principado de;Gini;2021;31,7
03 Asturias, Principado de;Gini;2020;34
03 Asturias, Principado de;Gini;2019;34,7
03 Asturias, Principado de;Gini;2018;28,8
03 Asturias, Principado de;Gini;2017;31,4
03 Asturias, Principado de;Gini;2016;29,2
03 Asturias, Principado de;Gini;2015;30,2
03 Asturias, Principado de;Gini;2014;31,7
03 Asturias, Principado de;Gini;2013;29,1
03 Asturias, Principado de;Gini;2012;30
03 Asturias, Principado de;Gini;2011;29,2
03 Asturias, Principado de;Gini;2010;29,9
03 Asturias, Principado de;Gini;2009;30,6
03 Asturias, Principado de;Gini;2008;30,4
03 Asturias, Principado de;Gini (con alquiler imputado);2024;25,9
03 Asturias, Principado de;Gini (con alquiler imputado);2023;27,8
03 Asturias, Principado de;Gini (con alquiler imputado);2022;28
03 Asturias, Principado de;Gini (con alquiler imputado);2021;28,9
03 Asturias, Principado de;Gini (con alquiler imputado);2020;31,1
03 Asturias, Principado de;Gini (con alquiler imputado);2019;31,7
03 Asturias, Principado de;Gini (con alquiler imputado);2018;26,6
03 Asturias, Principado de;Gini (con alquiler imputado);2017;28,6
03 Asturias, Principado de;Gini (con alquiler imputado);2016;26,7
03 Asturias, Principado de;Gini (con alquiler imputado);2015;27,7
03 Asturias, Principado de;Gini (con alquiler imputado);2014;29
03 Asturias, Principado de;Gini (con alquiler imputado);2013;26,9
03 Asturias, Principado de;Gini (con alquiler imputado);2012;27,2
03 Asturias, Principado de;Gini (con alquiler imputado);2011;26,6
03 Asturias, Principado de;Gini (con alquiler imputado);2010;27,2
03 Asturias, Principado de;Gini (con alquiler imputado);2009;27,8
03 Asturias, Principado de;Gini (con alquiler imputado);2008;27,4
04 Balears, Illes;Desigualdad (S80/S20);2024;4,6
04 Balears, Illes;Desigualdad (S80/S20);2023;5,1
04 Balears, Illes;Desigualdad (S80/S20);2022;4,9
04 Balears, Illes;Desigualdad (S80/S20);2021;5,1
04 Balears, Illes;Desigualdad (S80/S20);2020;4,6
04 Balears, Illes;Desigualdad (S80/S20);2019;4,8
04 Balears, Illes;Desigualdad (S80/S20);2018;5,5
04 Balears, Illes;Desigualdad (S80/S20);2017;8,2
04 Balears, Illes;Desigualdad (S80/S20);2016;6,1
04 Balears, Illes;Desigualdad (S80/S20);2015;9,1
04 Balears, Illes;Desigualdad (S80/S20);2014;8,9
04 Balears, Illes;Desigualdad (S80/S20);2013;7,1
04 Balears, Illes;Desigualdad (S80/S20);2012;6,9
04 Balears, Illes;Desigualdad (S80/S20);2011;9,2
04 Balears, Illes;Desigualdad (S80/S20);2010;6,9
04 Balears, Illes;Desigualdad (S80/S20);2009;6,3
04 Balears, Illes;Desigualdad (S80/S20);2008;5,9
04 Balears, Illes;Distribución de la renta S80/S20 (alquiler imputado);2024;4,4
04 Balears, Illes;Distribución de la renta S80/S20 (alquiler imputado);2023;4,4
04 Balears, Illes;Distribución de la renta S80/S20 (alquiler imputado);2022;5
04 Balears, Illes;Distribución de la renta S80/S20 (alquiler imputado);2021;4,9
04 Balears, Illes;Distribución de la renta S80/S20 (alquiler imputado);2020;4,1
04 Balears, Illes;Distribución de la renta S80/S20 (alquiler imputado);2019;4,8
04 Balears, Illes;Distribución de la renta S80/S20 (alquiler imputado);2018;5
04 Balears, Illes;Distribución de la renta S80/S20 (alquiler imputado);2017;7,4
04 Balears, Illes;Distribución de la renta S80/S20 (alquiler imputado);2016;5,4
04 Balears, Illes;Distribución de la renta S80/S20 (alquiler imputado);2015;7,9
04 Balears, Illes;Distribución de la renta S80/S20 (alquiler imputado);2014;7,7
04 Balears, Illes;Distribución de la renta S80/S20 (alquiler imputado);2013;6,4
04 Balears, Illes;Distribución de la renta S80/S20 (alquiler imputado);2012;6,4
04 Balears, Illes;Distribución de la renta S80/S20 (alquiler imputado);2011;7,5
04 Balears, Illes;Distribución de la renta S80/S20 (alquiler imputado);2010;6
04 Balears, Illes;Distribución de la renta S80/S20 (alquiler imputado);2009;5,9
04 Balears, Illes;Distribución de la renta S80/S20 (alquiler imputado);2008;5,2
04 Balears, Illes;Gini;2024;28,7
04 Balears, Illes;Gini;2023;28,5
04 Balears, Illes;Gini;2022;28,3
04 Balears, Illes;Gini;2021;28,5
04 Balears, Illes;Gini;2020;26,5
04 Balears, Illes;Gini;2019;29,2
04 Balears, Illes;Gini;2018;32,8
04 Balears, Illes;Gini;2017;37,8
04 Balears, Illes;Gini;2016;33,6
04 Balears, Illes;Gini;2015;34,7
04 Balears, Illes;Gini;2014;34,9
04 Balears, Illes;Gini;2013;33,8
04 Balears, Illes;Gini;2012;34,2
04 Balears, Illes;Gini;2011;36,5
04 Balears, Illes;Gini;2010;34,4
04 Balears, Illes;Gini;2009;33,2
04 Balears, Illes;Gini;2008;32,1
04 Balears, Illes;Gini (con alquiler imputado);2024;27,7
04 Balears, Illes;Gini (con alquiler imputado);2023;27,2
04 Balears, Illes;Gini (con alquiler imputado);2022;27,2
04 Balears, Illes;Gini (con alquiler imputado);2021;27,9
04 Balears, Illes;Gini (con alquiler imputado);2020;25,7
04 Balears, Illes;Gini (con alquiler imputado);2019;28,8
04 Balears, Illes;Gini (con alquiler imputado);2018;31,3
04 Balears, Illes;Gini (con alquiler imputado);2017;36,6
04 Balears, Illes;Gini (con alquiler imputado);2016;31,7
04 Balears, Illes;Gini (con alquiler imputado);2015;33
04 Balears, Illes;Gini (con alquiler imputado);2014;33,1
04 Balears, Illes;Gini (con alquiler imputado);2013;31,9
04 Balears, Illes;Gini (con alquiler imputado);2012;32,7
04 Balears, Illes;Gini (con alquiler imputado);2011;34,3
04 Balears, Illes;Gini (con alquiler imputado);2010;32,5
04 Balears, Illes;Gini (con alquiler imputado);2009;31,8
04 Balears, Illes;Gini (con alquiler imputado);2008;30,3
05 Canarias;Desigualdad (S80/S20);2024;5,7
05 Canarias;Desigualdad (S80/S20);2023;5,3
05 Canarias;Desigualdad (S80/S20);2022;6,3
05 Canarias;Desigualdad (S80/S20);2021;8,2
05 Canarias;Desigualdad (S80/S20);2020;6,9
05 Canarias;Desigualdad (S80/S20);2019;5,3
05 Canarias;Desigualdad (S80/S20);2018;7
05 Canarias;Desigualdad (S80/S20);2017;7
05 Canarias;Desigualdad (S80/S20);2016;8,8
05 Canarias;Desigualdad (S80/S20);2015;10,1
05 Canarias;Desigualdad (S80/S20);2014;7,7
05 Canarias;Desigualdad (S80/S20);2013;7
05 Canarias;Desigualdad (S80/S20);2012;7,1
05 Canarias;Desigualdad (S80/S20);2011;6,8
05 Canarias;Desigualdad (S80/S20);2010;6,7
05 Canarias;Desigualdad (S80/S20);2009;6,3
05 Canarias;Desigualdad (S80/S20);2008;5,6
05 Canarias;Distribución de la renta S80/S20 (alquiler imputado);2024;4,6
05 Canarias;Distribución de la renta S80/S20 (alquiler imputado);2023;4,5
05 Canarias;Distribución de la renta S80/S20 (alquiler imputado);2022;5,6
05 Canarias;Distribución de la renta S80/S20 (alquiler imputado);2021;6,5
05 Canarias;Distribución de la renta S80/S20 (alquiler imputado);2020;5,9
05 Canarias;Distribución de la renta S80/S20 (alquiler imputado);2019;4,3
05 Canarias;Distribución de la renta S80/S20 (alquiler imputado);2018;5,8
05 Canarias;Distribución de la renta S80/S20 (alquiler imputado);2017;5,3
05 Canarias;Distribución de la renta S80/S20 (alquiler imputado);2016;6,3
05 Canarias;Distribución de la renta S80/S20 (alquiler imputado);2015;6,6
05 Canarias;Distribución de la renta S80/S20 (alquiler imputado);2014;5,2
05 Canarias;Distribución de la renta S80/S20 (alquiler imputado);2013;5,4
05 Canarias;Distribución de la renta S80/S20 (alquiler imputado);2012;5,2
05 Canarias;Distribución de la renta S80/S20 (alquiler imputado);2011;5
05 Canarias;Distribución de la renta S80/S20 (alquiler imputado);2010;5,3
05 Canarias;Distribución de la renta S80/S20 (alquiler imputado);2009;5,1
05 Canarias;Distribución de la renta S80/S20 (alquiler imputado);2008;4,5
05 Canarias;Gini;2024;31,6
05 Canarias;Gini;2023;31,1
05 Canarias;Gini;2022;33,2
05 Canarias;Gini;2021;35
05 Canarias;Gini;2020;33,1
05 Canarias;Gini;2019;30,3
05 Canarias;Gini;2018;33,9
05 Canarias;Gini;2017;33,8
05 Canarias;Gini;2016;38,1
05 Canarias;Gini;2015;35,9
05 Canarias;Gini;2014;33,6
05 Canarias;Gini;2013;32,8
05 Canarias;Gini;2012;34,4
05 Canarias;Gini;2011;34
05 Canarias;Gini;2010;33
05 Canarias;Gini;2009;33,2
05 Canarias;Gini;2008;31,7
05 Canarias;Gini (con alquiler imputado);2024;28,8
05 Canarias;Gini (con alquiler imputado);2023;28,6
05 Canarias;Gini (con alquiler imputado);2022;30,6
05 Canarias;Gini (con alquiler imputado);2021;31,9
05 Canarias;Gini (con alquiler imputado);2020;30,1
05 Canarias;Gini (con alquiler imputado);2019;27,1
05 Canarias;Gini (con alquiler imputado);2018;30,4
05 Canarias;Gini (con alquiler imputado);2017;30,1
05 Canarias;Gini (con alquiler imputado);2016;33,5
05 Canarias;Gini (con alquiler imputado);2015;31,9
05 Canarias;Gini (con alquiler imputado);2014;29,2
05 Canarias;Gini (con alquiler imputado);2013;29,5
05 Canarias;Gini (con alquiler imputado);2012;30,6
05 Canarias;Gini (con alquiler imputado);2011;30,4
05 Canarias;Gini (con alquiler imputado);2010;29,7
05 Canarias;Gini (con alquiler imputado);2009;29,7
05 Canarias;Gini (con alquiler imputado);2008;28,9
06 Cantabria;Desigualdad (S80/S20);2024;4,7
06 Cantabria;Desigualdad (S80/S20);2023;4,6
06 Cantabria;Desigualdad (S80/S20);2022;4,9
06 Cantabria;Desigualdad (S80/S20);2021;4,8
06 Cantabria;Desigualdad (S80/S20);2020;5,3
06 Cantabria;Desigualdad (S80/S20);2019;5,2
06 Cantabria;Desigualdad (S80/S20);2018;5,3
06 Cantabria;Desigualdad (S80/S20);2017;4,9
06 Cantabria;Desigualdad (S80/S20);2016;4,8
06 Cantabria;Desigualdad (S80/S20);2015;4,3
06 Cantabria;Desigualdad (S80/S20);2014;4,8
06 Cantabria;Desigualdad (S80/S20);2013;5,2
06 Cantabria;Desigualdad (S80/S20);2012;5,3
06 Cantabria;Desigualdad (S80/S20);2011;7,2
06 Cantabria;Desigualdad (S80/S20);2010;5,3
06 Cantabria;Desigualdad (S80/S20);2009;5,7
06 Cantabria;Desigualdad (S80/S20);2008;4,8
06 Cantabria;Distribución de la renta S80/S20 (alquiler imputado);2024;4,1
06 Cantabria;Distribución de la renta S80/S20 (alquiler imputado);2023;3,9
06 Cantabria;Distribución de la renta S80/S20 (alquiler imputado);2022;4,3
06 Cantabria;Distribución de la renta S80/S20 (alquiler imputado);2021;4,2
06 Cantabria;Distribución de la renta S80/S20 (alquiler imputado);2020;4,4
06 Cantabria;Distribución de la renta S80/S20 (alquiler imputado);2019;4,1
06 Cantabria;Distribución de la renta S80/S20 (alquiler imputado);2018;4,3
06 Cantabria;Distribución de la renta S80/S20 (alquiler imputado);2017;4,1
06 Cantabria;Distribución de la renta S80/S20 (alquiler imputado);2016;4,1
06 Cantabria;Distribución de la renta S80/S20 (alquiler imputado);2015;4,1
06 Cantabria;Distribución de la renta S80/S20 (alquiler imputado);2014;4,1
06 Cantabria;Distribución de la renta S80/S20 (alquiler imputado);2013;4,3
06 Cantabria;Distribución de la renta S80/S20 (alquiler imputado);2012;4,7
06 Cantabria;Distribución de la renta S80/S20 (alquiler imputado);2011;5,5
06 Cantabria;Distribución de la renta S80/S20 (alquiler imputado);2010;4,3
06 Cantabria;Distribución de la renta S80/S20 (alquiler imputado);2009;4,6
06 Cantabria;Distribución de la renta S80/S20 (alquiler imputado);2008;4,1
06 Cantabria;Gini;2024;28,5
06 Cantabria;Gini;2023;28,7
06 Cantabria;Gini;2022;30,3
06 Cantabria;Gini;2021;29,8
06 Cantabria;Gini;2020;30,8
06 Cantabria;Gini;2019;30,4
06 Cantabria;Gini;2018;29,9
06 Cantabria;Gini;2017;29,7
06 Cantabria;Gini;2016;30
06 Cantabria;Gini;2015;27,2
06 Cantabria;Gini;2014;28,4
06 Cantabria;Gini;2013;30,3
06 Cantabria;Gini;2012;31,1
06 Cantabria;Gini;2011;33,9
06 Cantabria;Gini;2010;30,7
06 Cantabria;Gini;2009;30,6
06 Cantabria;Gini;2008;29,1
06 Cantabria;Gini (con alquiler imputado);2024;26,1
06 Cantabria;Gini (con alquiler imputado);2023;26,1
06 Cantabria;Gini (con alquiler imputado);2022;27,8
06 Cantabria;Gini (con alquiler imputado);2021;27,2
06 Cantabria;Gini (con alquiler imputado);2020;28
06 Cantabria;Gini (con alquiler imputado);2019;27,2
06 Cantabria;Gini (con alquiler imputado);2018;26,8
06 Cantabria;Gini (con alquiler imputado);2017;27,2
06 Cantabria;Gini (con alquiler imputado);2016;27,5
06 Cantabria;Gini (con alquiler imputado);2015;25,1
06 Cantabria;Gini (con alquiler imputado);2014;26,4
06 Cantabria;Gini (con alquiler imputado);2013;27,3
06 Cantabria;Gini (con alquiler imputado);2012;28,1
06 Cantabria;Gini (con alquiler imputado);2011;30,3
06 Cantabria;Gini (con alquiler imputado);2010;27,7
06 Cantabria;Gini (con alquiler imputado);2009;28,8
06 Cantabria;Gini (con alquiler imputado);2008;27,1
07 Castilla y León;Desigualdad (S80/S20);2024;5,1
07 Castilla y León;Desigualdad (S80/S20);2023;5,1
07 Castilla y León;Desigualdad (S80/S20);2022;4,9
07 Castilla y León;Desigualdad (S80/S20);2021;5,1
07 Castilla y León;Desigualdad (S80/S20);2020;4,5
07 Castilla y León;Desigualdad (S80/S20);2019;4,5
07 Castilla y León;Desigualdad (S80/S20);2018;4,8
07 Castilla y León;Desigualdad (S80/S20);2017;4,7
07 Castilla y León;Desigualdad (S80/S20);2016;5,1
07 Castilla y León;Desigualdad (S80/S20);2015;5,6
07 Castilla y León;Desigualdad (S80/S20);2014;6,2
07 Castilla y León;Desigualdad (S80/S20);2013;5,2
07 Castilla y León;Desigualdad (S80/S20);2012;5
07 Castilla y León;Desigualdad (S80/S20);2011;4,9
07 Castilla y León;Desigualdad (S80/S20);2010;5,2
07 Castilla y León;Desigualdad (S80/S20);2009;5,1
07 Castilla y León;Desigualdad (S80/S20);2008;4,5
07 Castilla y León;Distribución de la renta S80/S20 (alquiler imputado);2024;4,3
07 Castilla y León;Distribución de la renta S80/S20 (alquiler imputado);2023;4,3
07 Castilla y León;Distribución de la renta S80/S20 (alquiler imputado);2022;4,1
07 Castilla y León;Distribución de la renta S80/S20 (alquiler imputado);2021;4,2
07 Castilla y León;Distribución de la renta S80/S20 (alquiler imputado);2020;4
07 Castilla y León;Distribución de la renta S80/S20 (alquiler imputado);2019;3,9
07 Castilla y León;Distribución de la renta S80/S20 (alquiler imputado);2018;4,2
07 Castilla y León;Distribución de la renta S80/S20 (alquiler imputado);2017;4
07 Castilla y León;Distribución de la renta S80/S20 (alquiler imputado);2016;4,3
07 Castilla y León;Distribución de la renta S80/S20 (alquiler imputado);2015;4,6
07 Castilla y León;Distribución de la renta S80/S20 (alquiler imputado);2014;5,1
07 Castilla y León;Distribución de la renta S80/S20 (alquiler imputado);2013;4,4
07 Castilla y León;Distribución de la renta S80/S20 (alquiler imputado);2012;4,3
07 Castilla y León;Distribución de la renta S80/S20 (alquiler imputado);2011;4,1
07 Castilla y León;Distribución de la renta S80/S20 (alquiler imputado);2010;4,3
07 Castilla y León;Distribución de la renta S80/S20 (alquiler imputado);2009;4,2
07 Castilla y León;Distribución de la renta S80/S20 (alquiler imputado);2008;3,9
07 Castilla y León;Gini;2024;29,8
07 Castilla y León;Gini;2023;29,4
07 Castilla y León;Gini;2022;29,2
07 Castilla y León;Gini;2021;29,5
07 Castilla y León;Gini;2020;27,9
07 Castilla y León;Gini;2019;27,7
07 Castilla y León;Gini;2018;29,9
07 Castilla y León;Gini;2017;28,5
07 Castilla y León;Gini;2016;30,5
07 Castilla y León;Gini;2015;31,1
07 Castilla y León;Gini;2014;32,5
07 Castilla y León;Gini;2013;30,5
07 Castilla y León;Gini;2012;29,9
07 Castilla y León;Gini;2011;29,8
07 Castilla y León;Gini;2010;29,7
07 Castilla y León;Gini;2009;30,1
07 Castilla y León;Gini;2008;28,8
07 Castilla y León;Gini (con alquiler imputado);2024;27,5
07 Castilla y León;Gini (con alquiler imputado);2023;26,9
07 Castilla y León;Gini (con alquiler imputado);2022;26,6
07 Castilla y León;Gini (con alquiler imputado);2021;26,7
07 Castilla y León;Gini (con alquiler imputado);2020;25,7
07 Castilla y León;Gini (con alquiler imputado);2019;25,4
07 Castilla y León;Gini (con alquiler imputado);2018;27,3
07 Castilla y León;Gini (con alquiler imputado);2017;26
07 Castilla y León;Gini (con alquiler imputado);2016;27,5
07 Castilla y León;Gini (con alquiler imputado);2015;27,9
07 Castilla y León;Gini (con alquiler imputado);2014;29,5
07 Castilla y León;Gini (con alquiler imputado);2013;28
07 Castilla y León;Gini (con alquiler imputado);2012;27,5
07 Castilla y León;Gini (con alquiler imputado);2011;27
07 Castilla y León;Gini (con alquiler imputado);2010;26,8
07 Castilla y León;Gini (con alquiler imputado);2009;27,4
07 Castilla y León;Gini (con alquiler imputado);2008;26,1
08 Castilla - La Mancha;Desigualdad (S80/S20);2024;4,9
08 Castilla - La Mancha;Desigualdad (S80/S20);2023;5
08 Castilla - La Mancha;Desigualdad (S80/S20);2022;4,9
08 Castilla - La Mancha;Desigualdad (S80/S20);2021;5,7
08 Castilla - La Mancha;Desigualdad (S80/S20);2020;4,8
08 Castilla - La Mancha;Desigualdad (S80/S20);2019;5,5
08 Castilla - La Mancha;Desigualdad (S80/S20);2018;6,6
08 Castilla - La Mancha;Desigualdad (S80/S20);2017;6,3
08 Castilla - La Mancha;Desigualdad (S80/S20);2016;6,4
08 Castilla - La Mancha;Desigualdad (S80/S20);2015;6,7
08 Castilla - La Mancha;Desigualdad (S80/S20);2014;6,2
08 Castilla - La Mancha;Desigualdad (S80/S20);2013;6,5
08 Castilla - La Mancha;Desigualdad (S80/S20);2012;6,8
08 Castilla - La Mancha;Desigualdad (S80/S20);2011;5,7
08 Castilla - La Mancha;Desigualdad (S80/S20);2010;5,8
08 Castilla - La Mancha;Desigualdad (S80/S20);2009;4,9
08 Castilla - La Mancha;Desigualdad (S80/S20);2008;5,1
08 Castilla - La Mancha;Distribución de la renta S80/S20 (alquiler imputado);2024;4,3
08 Castilla - La Mancha;Distribución de la renta S80/S20 (alquiler imputado);2023;4,2
08 Castilla - La Mancha;Distribución de la renta S80/S20 (alquiler imputado);2022;4
08 Castilla - La Mancha;Distribución de la renta S80/S20 (alquiler imputado);2021;4,7
08 Castilla - La Mancha;Distribución de la renta S80/S20 (alquiler imputado);2020;4
08 Castilla - La Mancha;Distribución de la renta S80/S20 (alquiler imputado);2019;4,8
08 Castilla - La Mancha;Distribución de la renta S80/S20 (alquiler imputado);2018;5,5
08 Castilla - La Mancha;Distribución de la renta S80/S20 (alquiler imputado);2017;5
08 Castilla - La Mancha;Distribución de la renta S80/S20 (alquiler imputado);2016;5,4
08 Castilla - La Mancha;Distribución de la renta S80/S20 (alquiler imputado);2015;5,4
08 Castilla - La Mancha;Distribución de la renta S80/S20 (alquiler imputado);2014;5
08 Castilla - La Mancha;Distribución de la renta S80/S20 (alquiler imputado);2013;5,7
08 Castilla - La Mancha;Distribución de la renta S80/S20 (alquiler imputado);2012;5,7
08 Castilla - La Mancha;Distribución de la renta S80/S20 (alquiler imputado);2011;4,9
08 Castilla - La Mancha;Distribución de la renta S80/S20 (alquiler imputado);2010;5
08 Castilla - La Mancha;Distribución de la renta S80/S20 (alquiler imputado);2009;4
08 Castilla - La Mancha;Distribución de la renta S80/S20 (alquiler imputado);2008;4,2
08 Castilla - La Mancha;Gini;2024;29,7
08 Castilla - La Mancha;Gini;2023;29,6
08 Castilla - La Mancha;Gini;2022;29,9
08 Castilla - La Mancha;Gini;2021;31,7
08 Castilla - La Mancha;Gini;2020;28,9
08 Castilla - La Mancha;Gini;2019;31,2
08 Castilla - La Mancha;Gini;2018;34,2
08 Castilla - La Mancha;Gini;2017;33,2
08 Castilla - La Mancha;Gini;2016;33,9
08 Castilla - La Mancha;Gini;2015;33,4
08 Castilla - La Mancha;Gini;2014;33,2
08 Castilla - La Mancha;Gini;2013;33,6
08 Castilla - La Mancha;Gini;2012;34,6
08 Castilla - La Mancha;Gini;2011;33,7
08 Castilla - La Mancha;Gini;2010;34,5
08 Castilla - La Mancha;Gini;2009;29,7
08 Castilla - La Mancha;Gini;2008;31,7
08 Castilla - La Mancha;Gini (con alquiler imputado);2024;27,5
08 Castilla - La Mancha;Gini (con alquiler imputado);2023;27
08 Castilla - La Mancha;Gini (con alquiler imputado);2022;26,9
08 Castilla - La Mancha;Gini (con alquiler imputado);2021;28,3
08 Castilla - La Mancha;Gini (con alquiler imputado);2020;26,4
08 Castilla - La Mancha;Gini (con alquiler imputado);2019;28,6
08 Castilla - La Mancha;Gini (con alquiler imputado);2018;31
08 Castilla - La Mancha;Gini (con alquiler imputado);2017;29,9
08 Castilla - La Mancha;Gini (con alquiler imputado);2016;30,6
08 Castilla - La Mancha;Gini (con alquiler imputado);2015;30
08 Castilla - La Mancha;Gini (con alquiler imputado);2014;29,9
08 Castilla - La Mancha;Gini (con alquiler imputado);2013;30,7
08 Castilla - La Mancha;Gini (con alquiler imputado);2012;31,7
08 Castilla - La Mancha;Gini (con alquiler imputado);2011;30,6
08 Castilla - La Mancha;Gini (con alquiler imputado);2010;31,5
08 Castilla - La Mancha;Gini (con alquiler imputado);2009;27,2
08 Castilla - La Mancha;Gini (con alquiler imputado);2008;28,8
09 Cataluña;Desigualdad (S80/S20);2024;4,7
09 Cataluña;Desigualdad (S80/S20);2023;5
09 Cataluña;Desigualdad (S80/S20);2022;5,2
09 Cataluña;Desigualdad (S80/S20);2021;5,5
09 Cataluña;Desigualdad (S80/S20);2020;6,2
09 Cataluña;Desigualdad (S80/S20);2019;5,6
09 Cataluña;Desigualdad (S80/S20);2018;5,2
09 Cataluña;Desigualdad (S80/S20);2017;5,7
09 Cataluña;Desigualdad (S80/S20);2016;5,6
09 Cataluña;Desigualdad (S80/S20);2015;6,1
09 Cataluña;Desigualdad (S80/S20);2014;6,5
09 Cataluña;Desigualdad (S80/S20);2013;5,7
09 Cataluña;Desigualdad (S80/S20);2012;6,2
09 Cataluña;Desigualdad (S80/S20);2011;5,6
09 Cataluña;Desigualdad (S80/S20);2010;6,1
09 Cataluña;Desigualdad (S80/S20);2009;5,8
09 Cataluña;Desigualdad (S80/S20);2008;5,2
09 Cataluña;Distribución de la renta S80/S20 (alquiler imputado);2024;4,3
09 Cataluña;Distribución de la renta S80/S20 (alquiler imputado);2023;4,5
09 Cataluña;Distribución de la renta S80/S20 (alquiler imputado);2022;4,6
09 Cataluña;Distribución de la renta S80/S20 (alquiler imputado);2021;4,9
09 Cataluña;Distribución de la renta S80/S20 (alquiler imputado);2020;5,4
09 Cataluña;Distribución de la renta S80/S20 (alquiler imputado);2019;4,9
09 Cataluña;Distribución de la renta S80/S20 (alquiler imputado);2018;4,8
09 Cataluña;Distribución de la renta S80/S20 (alquiler imputado);2017;5
09 Cataluña;Distribución de la renta S80/S20 (alquiler imputado);2016;5
09 Cataluña;Distribución de la renta S80/S20 (alquiler imputado);2015;5,4
09 Cataluña;Distribución de la renta S80/S20 (alquiler imputado);2014;5,6
09 Cataluña;Distribución de la renta S80/S20 (alquiler imputado);2013;5,3
09 Cataluña;Distribución de la renta S80/S20 (alquiler imputado);2012;5,5
09 Cataluña;Distribución de la renta S80/S20 (alquiler imputado);2011;5,1
09 Cataluña;Distribución de la renta S80/S20 (alquiler imputado);2010;5,6
09 Cataluña;Distribución de la renta S80/S20 (alquiler imputado);2009;5,4
09 Cataluña;Distribución de la renta S80/S20 (alquiler imputado);2008;4,8
09 Cataluña;Gini;2024;29
09 Cataluña;Gini;2023;29,9
09 Cataluña;Gini;2022;30
09 Cataluña;Gini;2021;30,9
09 Cataluña;Gini;2020;31,7
09 Cataluña;Gini;2019;31,2
09 Cataluña;Gini;2018;30,3
09 Cataluña;Gini;2017;31,8
09 Cataluña;Gini;2016;31,4
09 Cataluña;Gini;2015;32,3
09 Cataluña;Gini;2014;33
09 Cataluña;Gini;2013;31,9
09 Cataluña;Gini;2012;32,6
09 Cataluña;Gini;2011;32,1
09 Cataluña;Gini;2010;33,6
09 Cataluña;Gini;2009;32,3
09 Cataluña;Gini;2008;31,1
09 Cataluña;Gini (con alquiler imputado);2024;27,7
09 Cataluña;Gini (con alquiler imputado);2023;28,2
09 Cataluña;Gini (con alquiler imputado);2022;28,2
09 Cataluña;Gini (con alquiler imputado);2021;29
09 Cataluña;Gini (con alquiler imputado);2020;29,8
09 Cataluña;Gini (con alquiler imputado);2019;29,4
09 Cataluña;Gini (con alquiler imputado);2018;28,5
09 Cataluña;Gini (con alquiler imputado);2017;29,5
09 Cataluña;Gini (con alquiler imputado);2016;29,3
09 Cataluña;Gini (con alquiler imputado);2015;30,2
09 Cataluña;Gini (con alquiler imputado);2014;30,8
09 Cataluña;Gini (con alquiler imputado);2013;30,4
09 Cataluña;Gini (con alquiler imputado);2012;30,8
09 Cataluña;Gini (con alquiler imputado);2011;30,3
09 Cataluña;Gini (con alquiler imputado);2010;31,7
09 Cataluña;Gini (con alquiler imputado);2009;30,8
09 Cataluña;Gini (con alquiler imputado);2008;29,5
10 Comunitat Valenciana;Desigualdad (S80/S20);2024;5,7
10 Comunitat Valenciana;Desigualdad (S80/S20);2023;5,6
10 Comunitat Valenciana;Desigualdad (S80/S20);2022;5,2
10 Comunitat Valenciana;Desigualdad (S80/S20);2021;6,2
10 Comunitat Valenciana;Desigualdad (S80/S20);2020;6,6
10 Comunitat Valenciana;Desigualdad (S80/S20);2019;5,6
10 Comunitat Valenciana;Desigualdad (S80/S20);2018;5,6
10 Comunitat Valenciana;Desigualdad (S80/S20);2017;6,6
10 Comunitat Valenciana;Desigualdad (S80/S20);2016;6
10 Comunitat Valenciana;Desigualdad (S80/S20);2015;6,4
10 Comunitat Valenciana;Desigualdad (S80/S20);2014;5,8
10 Comunitat Valenciana;Desigualdad (S80/S20);2013;6,5
10 Comunitat Valenciana;Desigualdad (S80/S20);2012;6,7
10 Comunitat Valenciana;Desigualdad (S80/S20);2011;6
10 Comunitat Valenciana;Desigualdad (S80/S20);2010;6,2
10 Comunitat Valenciana;Desigualdad (S80/S20);2009;5,3
10 Comunitat Valenciana;Desigualdad (S80/S20);2008;5,7
10 Comunitat Valenciana;Distribución de la renta S80/S20 (alquiler imputado);2024;4,9
10 Comunitat Valenciana;Distribución de la renta S80/S20 (alquiler imputado);2023;4,6
10 Comunitat Valenciana;Distribución de la renta S80/S20 (alquiler imputado);2022;4,3
10 Comunitat Valenciana;Distribución de la renta S80/S20 (alquiler imputado);2021;5,3
10 Comunitat Valenciana;Distribución de la renta S80/S20 (alquiler imputado);2020;5,3
10 Comunitat Valenciana;Distribución de la renta S80/S20 (alquiler imputado);2019;4,8
10 Comunitat Valenciana;Distribución de la renta S80/S20 (alquiler imputado);2018;4,9
10 Comunitat Valenciana;Distribución de la renta S80/S20 (alquiler imputado);2017;5,3
10 Comunitat Valenciana;Distribución de la renta S80/S20 (alquiler imputado);2016;5,3
10 Comunitat Valenciana;Distribución de la renta S80/S20 (alquiler imputado);2015;5,3
10 Comunitat Valenciana;Distribución de la renta S80/S20 (alquiler imputado);2014;4,9
10 Comunitat Valenciana;Distribución de la renta S80/S20 (alquiler imputado);2013;5,2
10 Comunitat Valenciana;Distribución de la renta S80/S20 (alquiler imputado);2012;5,6
10 Comunitat Valenciana;Distribución de la renta S80/S20 (alquiler imputado);2011;4,9
10 Comunitat Valenciana;Distribución de la renta S80/S20 (alquiler imputado);2010;5,2
10 Comunitat Valenciana;Distribución de la renta S80/S20 (alquiler imputado);2009;4,6
10 Comunitat Valenciana;Distribución de la renta S80/S20 (alquiler imputado);2008;4,8
10 Comunitat Valenciana;Gini;2024;31,7
10 Comunitat Valenciana;Gini;2023;31,1
10 Comunitat Valenciana;Gini;2022;30,7
10 Comunitat Valenciana;Gini;2021;32,2
10 Comunitat Valenciana;Gini;2020;32,3
10 Comunitat Valenciana;Gini;2019;31,4
10 Comunitat Valenciana;Gini;2018;31,5
10 Comunitat Valenciana;Gini;2017;33,2
10 Comunitat Valenciana;Gini;2016;32,5
10 Comunitat Valenciana;Gini;2015;33
10 Comunitat Valenciana;Gini;2014;32,6
10 Comunitat Valenciana;Gini;2013;33,2
10 Comunitat Valenciana;Gini;2012;34
10 Comunitat Valenciana;Gini;2011;33,4
10 Comunitat Valenciana;Gini;2010;33,2
10 Comunitat Valenciana;Gini;2009;31
10 Comunitat Valenciana;Gini;2008;32,2
10 Comunitat Valenciana;Gini (con alquiler imputado);2024;29,3
10 Comunitat Valenciana;Gini (con alquiler imputado);2023;28,3
10 Comunitat Valenciana;Gini (con alquiler imputado);2022;27,6
10 Comunitat Valenciana;Gini (con alquiler imputado);2021;29,2
10 Comunitat Valenciana;Gini (con alquiler imputado);2020;29,6
10 Comunitat Valenciana;Gini (con alquiler imputado);2019;28,7
10 Comunitat Valenciana;Gini (con alquiler imputado);2018;28,9
10 Comunitat Valenciana;Gini (con alquiler imputado);2017;30,2
10 Comunitat Valenciana;Gini (con alquiler imputado);2016;29,8
10 Comunitat Valenciana;Gini (con alquiler imputado);2015;30,1
10 Comunitat Valenciana;Gini (con alquiler imputado);2014;29,9
10 Comunitat Valenciana;Gini (con alquiler imputado);2013;30,1
10 Comunitat Valenciana;Gini (con alquiler imputado);2012;31,1
10 Comunitat Valenciana;Gini (con alquiler imputado);2011;30,1
10 Comunitat Valenciana;Gini (con alquiler imputado);2010;29,9
10 Comunitat Valenciana;Gini (con alquiler imputado);2009;28,4
10 Comunitat Valenciana;Gini (con alquiler imputado);2008;29,3
11 Extremadura;Desigualdad (S80/S20);2024;4,6
11 Extremadura;Desigualdad (S80/S20);2023;4,6
11 Extremadura;Desigualdad (S80/S20);2022;4,6
11 Extremadura;Desigualdad (S80/S20);2021;5,1
11 Extremadura;Desigualdad (S80/S20);2020;4,5
11 Extremadura;Desigualdad (S80/S20);2019;4,8
11 Extremadura;Desigualdad (S80/S20);2018;4,8
11 Extremadura;Desigualdad (S80/S20);2017;5,9
11 Extremadura;Desigualdad (S80/S20);2016;5,4
11 Extremadura;Desigualdad (S80/S20);2015;5,8
11 Extremadura;Desigualdad (S80/S20);2014;5,7
11 Extremadura;Desigualdad (S80/S20);2013;5,7
11 Extremadura;Desigualdad (S80/S20);2012;6,3
11 Extremadura;Desigualdad (S80/S20);2011;5,5
11 Extremadura;Desigualdad (S80/S20);2010;5,6
11 Extremadura;Desigualdad (S80/S20);2009;5,6
11 Extremadura;Desigualdad (S80/S20);2008;5
11 Extremadura;Distribución de la renta S80/S20 (alquiler imputado);2024;3,9
11 Extremadura;Distribución de la renta S80/S20 (alquiler imputado);2023;3,8
11 Extremadura;Distribución de la renta S80/S20 (alquiler imputado);2022;3,7
11 Extremadura;Distribución de la renta S80/S20 (alquiler imputado);2021;4,1
11 Extremadura;Distribución de la renta S80/S20 (alquiler imputado);2020;3,7
11 Extremadura;Distribución de la renta S80/S20 (alquiler imputado);2019;4,2
11 Extremadura;Distribución de la renta S80/S20 (alquiler imputado);2018;4,2
11 Extremadura;Distribución de la renta S80/S20 (alquiler imputado);2017;4,7
11 Extremadura;Distribución de la renta S80/S20 (alquiler imputado);2016;4,5
11 Extremadura;Distribución de la renta S80/S20 (alquiler imputado);2015;4,3
11 Extremadura;Distribución de la renta S80/S20 (alquiler imputado);2014;4,5
11 Extremadura;Distribución de la renta S80/S20 (alquiler imputado);2013;4,7
11 Extremadura;Distribución de la renta S80/S20 (alquiler imputado);2012;4,9
11 Extremadura;Distribución de la renta S80/S20 (alquiler imputado);2011;4,4
11 Extremadura;Distribución de la renta S80/S20 (alquiler imputado);2010;4,6
11 Extremadura;Distribución de la renta S80/S20 (alquiler imputado);2009;4,6
11 Extremadura;Distribución de la renta S80/S20 (alquiler imputado);2008;4,2
11 Extremadura;Gini;2024;28,8
11 Extremadura;Gini;2023;28,7
11 Extremadura;Gini;2022;29,4
11 Extremadura;Gini;2021;30,5
11 Extremadura;Gini;2020;28
11 Extremadura;Gini;2019;29,8
11 Extremadura;Gini;2018;30,6
11 Extremadura;Gini;2017;33,5
11 Extremadura;Gini;2016;32,3
11 Extremadura;Gini;2015;32,2
11 Extremadura;Gini;2014;31,6
11 Extremadura;Gini;2013;32
11 Extremadura;Gini;2012;32,8
11 Extremadura;Gini;2011;33,2
11 Extremadura;Gini;2010;34
11 Extremadura;Gini;2009;32,6
11 Extremadura;Gini;2008;32,2
11 Extremadura;Gini (con alquiler imputado);2024;25,9
11 Extremadura;Gini (con alquiler imputado);2023;25,7
11 Extremadura;Gini (con alquiler imputado);2022;25,7
11 Extremadura;Gini (con alquiler imputado);2021;26,9
11 Extremadura;Gini (con alquiler imputado);2020;25,2
11 Extremadura;Gini (con alquiler imputado);2019;26,9
11 Extremadura;Gini (con alquiler imputado);2018;27,4
11 Extremadura;Gini (con alquiler imputado);2017;29,6
11 Extremadura;Gini (con alquiler imputado);2016;28,8
11 Extremadura;Gini (con alquiler imputado);2015;28,3
11 Extremadura;Gini (con alquiler imputado);2014;28,7
11 Extremadura;Gini (con alquiler imputado);2013;29,1
11 Extremadura;Gini (con alquiler imputado);2012;29,6
11 Extremadura;Gini (con alquiler imputado);2011;29,3
11 Extremadura;Gini (con alquiler imputado);2010;30,2
11 Extremadura;Gini (con alquiler imputado);2009;29,3
11 Extremadura;Gini (con alquiler imputado);2008;28,6
12 Galicia;Desigualdad (S80/S20);2024;4,2
12 Galicia;Desigualdad (S80/S20);2023;4,4
12 Galicia;Desigualdad (S80/S20);2022;4,5
12 Galicia;Desigualdad (S80/S20);2021;5,1
12 Galicia;Desigualdad (S80/S20);2020;5,3
12 Galicia;Desigualdad (S80/S20);2019;5,2
12 Galicia;Desigualdad (S80/S20);2018;5,4
12 Galicia;Desigualdad (S80/S20);2017;5,8
12 Galicia;Desigualdad (S80/S20);2016;5,5
12 Galicia;Desigualdad (S80/S20);2015;5,5
12 Galicia;Desigualdad (S80/S20);2014;5
12 Galicia;Desigualdad (S80/S20);2013;4,8
12 Galicia;Desigualdad (S80/S20);2012;5,4
12 Galicia;Desigualdad (S80/S20);2011;5
12 Galicia;Desigualdad (S80/S20);2010;5
12 Galicia;Desigualdad (S80/S20);2009;4,6
12 Galicia;Desigualdad (S80/S20);2008;4,6
12 Galicia;Distribución de la renta S80/S20 (alquiler imputado);2024;3,6
12 Galicia;Distribución de la renta S80/S20 (alquiler imputado);2023;3,7
12 Galicia;Distribución de la renta S80/S20 (alquiler imputado);2022;3,8
12 Galicia;Distribución de la renta S80/S20 (alquiler imputado);2021;4
12 Galicia;Distribución de la renta S80/S20 (alquiler imputado);2020;4,1
12 Galicia;Distribución de la renta S80/S20 (alquiler imputado);2019;4,2
12 Galicia;Distribución de la renta S80/S20 (alquiler imputado);2018;4,3
12 Galicia;Distribución de la renta S80/S20 (alquiler imputado);2017;4,5
12 Galicia;Distribución de la renta S80/S20 (alquiler imputado);2016;4,3
12 Galicia;Distribución de la renta S80/S20 (alquiler imputado);2015;4,3
12 Galicia;Distribución de la renta S80/S20 (alquiler imputado);2014;4,2
12 Galicia;Distribución de la renta S80/S20 (alquiler imputado);2013;4,4
12 Galicia;Distribución de la renta S80/S20 (alquiler imputado);2012;4,5
12 Galicia;Distribución de la renta S80/S20 (alquiler imputado);2011;4,2
12 Galicia;Distribución de la renta S80/S20 (alquiler imputado);2010;4,1
12 Galicia;Distribución de la renta S80/S20 (alquiler imputado);2009;3,7
12 Galicia;Distribución de la renta S80/S20 (alquiler imputado);2008;3,8
12 Galicia;Gini;2024;26,8
12 Galicia;Gini;2023;27,4
12 Galicia;Gini;2022;28
12 Galicia;Gini;2021;29,2
12 Galicia;Gini;2020;29,7
12 Galicia;Gini;2019;30,5
12 Galicia;Gini;2018;30,9
12 Galicia;Gini;2017;30,8
12 Galicia;Gini;2016;31,5
12 Galicia;Gini;2015;31,5
12 Galicia;Gini;2014;30,7
12 Galicia;Gini;2013;30
12 Galicia;Gini;2012;31,1
12 Galicia;Gini;2011;30,1
12 Galicia;Gini;2010;30,2
12 Galicia;Gini;2009;28,7
12 Galicia;Gini;2008;29,4
12 Galicia;Gini (con alquiler imputado);2024;24,3
12 Galicia;Gini (con alquiler imputado);2023;24,7
12 Galicia;Gini (con alquiler imputado);2022;25,2
12 Galicia;Gini (con alquiler imputado);2021;25,9
12 Galicia;Gini (con alquiler imputado);2020;26,3
12 Galicia;Gini (con alquiler imputado);2019;27,4
12 Galicia;Gini (con alquiler imputado);2018;27,4
12 Galicia;Gini (con alquiler imputado);2017;27,3
12 Galicia;Gini (con alquiler imputado);2016;28
12 Galicia;Gini (con alquiler imputado);2015;28
12 Galicia;Gini (con alquiler imputado);2014;27,5
12 Galicia;Gini (con alquiler imputado);2013;27,4
12 Galicia;Gini (con alquiler imputado);2012;28,1
12 Galicia;Gini (con alquiler imputado);2011;27,2
12 Galicia;Gini (con alquiler imputado);2010;27,1
12 Galicia;Gini (con alquiler imputado);2009;25,7
12 Galicia;Gini (con alquiler imputado);2008;25,9
13 Madrid, Comunidad de;Desigualdad (S80/S20);2024;5,5
13 Madrid, Comunidad de;Desigualdad (S80/S20);2023;5,3
13 Madrid, Comunidad de;Desigualdad (S80/S20);2022;5,7
13 Madrid, Comunidad de;Desigualdad (S80/S20);2021;6,3
13 Madrid, Comunidad de;Desigualdad (S80/S20);2020;5,8
13 Madrid, Comunidad de;Desigualdad (S80/S20);2019;6,5
13 Madrid, Comunidad de;Desigualdad (S80/S20);2018;6,3
13 Madrid, Comunidad de;Desigualdad (S80/S20);2017;7,7
13 Madrid, Comunidad de;Desigualdad (S80/S20);2016;7,2
13 Madrid, Comunidad de;Desigualdad (S80/S20);2015;6,9
13 Madrid, Comunidad de;Desigualdad (S80/S20);2014;6,5
13 Madrid, Comunidad de;Desigualdad (S80/S20);2013;6,1
13 Madrid, Comunidad de;Desigualdad (S80/S20);2012;6,5
13 Madrid, Comunidad de;Desigualdad (S80/S20);2011;6,1
13 Madrid, Comunidad de;Desigualdad (S80/S20);2010;5,9
13 Madrid, Comunidad de;Desigualdad (S80/S20);2009;6,3
13 Madrid, Comunidad de;Desigualdad (S80/S20);2008;5,6
13 Madrid, Comunidad de;Distribución de la renta S80/S20 (alquiler imputado);2024;5,1
13 Madrid, Comunidad de;Distribución de la renta S80/S20 (alquiler imputado);2023;4,7
13 Madrid, Comunidad de;Distribución de la renta S80/S20 (alquiler imputado);2022;5,1
13 Madrid, Comunidad de;Distribución de la renta S80/S20 (alquiler imputado);2021;5,5
13 Madrid, Comunidad de;Distribución de la renta S80/S20 (alquiler imputado);2020;5,1
13 Madrid, Comunidad de;Distribución de la renta S80/S20 (alquiler imputado);2019;5,7
13 Madrid, Comunidad de;Distribución de la renta S80/S20 (alquiler imputado);2018;5,4
13 Madrid, Comunidad de;Distribución de la renta S80/S20 (alquiler imputado);2017;6,4
13 Madrid, Comunidad de;Distribución de la renta S80/S20 (alquiler imputado);2016;6
13 Madrid, Comunidad de;Distribución de la renta S80/S20 (alquiler imputado);2015;5,9
13 Madrid, Comunidad de;Distribución de la renta S80/S20 (alquiler imputado);2014;5,7
13 Madrid, Comunidad de;Distribución de la renta S80/S20 (alquiler imputado);2013;5,4
13 Madrid, Comunidad de;Distribución de la renta S80/S20 (alquiler imputado);2012;5,6
13 Madrid, Comunidad de;Distribución de la renta S80/S20 (alquiler imputado);2011;5,3
13 Madrid, Comunidad de;Distribución de la renta S80/S20 (alquiler imputado);2010;5,1
13 Madrid, Comunidad de;Distribución de la renta S80/S20 (alquiler imputado);2009;5,7
13 Madrid, Comunidad de;Distribución de la renta S80/S20 (alquiler imputado);2008;5,1
13 Madrid, Comunidad de;Gini;2024;31,8
13 Madrid, Comunidad de;Gini;2023;31,6
13 Madrid, Comunidad de;Gini;2022;32,4
13 Madrid, Comunidad de;Gini;2021;33,4
13 Madrid, Comunidad de;Gini;2020;32,9
13 Madrid, Comunidad de;Gini;2019;34,7
13 Madrid, Comunidad de;Gini;2018;33,4
13 Madrid, Comunidad de;Gini;2017;35,1
13 Madrid, Comunidad de;Gini;2016;35
13 Madrid, Comunidad de;Gini;2015;34,7
13 Madrid, Comunidad de;Gini;2014;33,7
13 Madrid, Comunidad de;Gini;2013;32,9
13 Madrid, Comunidad de;Gini;2012;33,9
13 Madrid, Comunidad de;Gini;2011;34,1
13 Madrid, Comunidad de;Gini;2010;32,2
13 Madrid, Comunidad de;Gini;2009;33,5
13 Madrid, Comunidad de;Gini;2008;31,9
13 Madrid, Comunidad de;Gini (con alquiler imputado);2024;30,4
13 Madrid, Comunidad de;Gini (con alquiler imputado);2023;29,7
13 Madrid, Comunidad de;Gini (con alquiler imputado);2022;30,3
13 Madrid, Comunidad de;Gini (con alquiler imputado);2021;31,3
13 Madrid, Comunidad de;Gini (con alquiler imputado);2020;30,8
13 Madrid, Comunidad de;Gini (con alquiler imputado);2019;32,2
13 Madrid, Comunidad de;Gini (con alquiler imputado);2018;30,8
13 Madrid, Comunidad de;Gini (con alquiler imputado);2017;32,4
13 Madrid, Comunidad de;Gini (con alquiler imputado);2016;32,3
13 Madrid, Comunidad de;Gini (con alquiler imputado);2015;32,2
13 Madrid, Comunidad de;Gini (con alquiler imputado);2014;31,2
13 Madrid, Comunidad de;Gini (con alquiler imputado);2013;30,9
13 Madrid, Comunidad de;Gini (con alquiler imputado);2012;31,7
13 Madrid, Comunidad de;Gini (con alquiler imputado);2011;31,7
13 Madrid, Comunidad de;Gini (con alquiler imputado);2010;30,3
13 Madrid, Comunidad de;Gini (con alquiler imputado);2009;31,7
13 Madrid, Comunidad de;Gini (con alquiler imputado);2008;30
14 Murcia, Región de;Desigualdad (S80/S20);2024;5,1
14 Murcia, Región de;Desigualdad (S80/S20);2023;4,5
14 Murcia, Región de;Desigualdad (S80/S20);2022;5,2
14 Murcia, Región de;Desigualdad (S80/S20);2021;5,3
14 Murcia, Región de;Desigualdad (S80/S20);2020;4,7
14 Murcia, Región de;Desigualdad (S80/S20);2019;4,7
14 Murcia, Región de;Desigualdad (S80/S20);2018;5,9
14 Murcia, Región de;Desigualdad (S80/S20);2017;5,6
14 Murcia, Región de;Desigualdad (S80/S20);2016;5,9
14 Murcia, Región de;Desigualdad (S80/S20);2015;6,6
14 Murcia, Región de;Desigualdad (S80/S20);2014;6,1
14 Murcia, Región de;Desigualdad (S80/S20);2013;6,5
14 Murcia, Región de;Desigualdad (S80/S20);2012;5,1
14 Murcia, Región de;Desigualdad (S80/S20);2011;4,7
14 Murcia, Región de;Desigualdad (S80/S20);2010;5,8
14 Murcia, Región de;Desigualdad (S80/S20);2009;5,7
14 Murcia, Región de;Desigualdad (S80/S20);2008;5,1
14 Murcia, Región de;Distribución de la renta S80/S20 (alquiler imputado);2024;4,4
14 Murcia, Región de;Distribución de la renta S80/S20 (alquiler imputado);2023;3,9
14 Murcia, Región de;Distribución de la renta S80/S20 (alquiler imputado);2022;4,3
14 Murcia, Región de;Distribución de la renta S80/S20 (alquiler imputado);2021;4,7
14 Murcia, Región de;Distribución de la renta S80/S20 (alquiler imputado);2020;4,1
14 Murcia, Región de;Distribución de la renta S80/S20 (alquiler imputado);2019;4
14 Murcia, Región de;Distribución de la renta S80/S20 (alquiler imputado);2018;5,1
14 Murcia, Región de;Distribución de la renta S80/S20 (alquiler imputado);2017;4,7
14 Murcia, Región de;Distribución de la renta S80/S20 (alquiler imputado);2016;5
14 Murcia, Región de;Distribución de la renta S80/S20 (alquiler imputado);2015;5,7
14 Murcia, Región de;Distribución de la renta S80/S20 (alquiler imputado);2014;5,1
14 Murcia, Región de;Distribución de la renta S80/S20 (alquiler imputado);2013;4,8
14 Murcia, Región de;Distribución de la renta S80/S20 (alquiler imputado);2012;4,5
14 Murcia, Región de;Distribución de la renta S80/S20 (alquiler imputado);2011;4,1
14 Murcia, Región de;Distribución de la renta S80/S20 (alquiler imputado);2010;5,1
14 Murcia, Región de;Distribución de la renta S80/S20 (alquiler imputado);2009;5,2
14 Murcia, Región de;Distribución de la renta S80/S20 (alquiler imputado);2008;4,5
14 Murcia, Región de;Gini;2024;29,4
14 Murcia, Región de;Gini;2023;28,3
14 Murcia, Región de;Gini;2022;29,3
14 Murcia, Región de;Gini;2021;30,1
14 Murcia, Región de;Gini;2020;28,8
14 Murcia, Región de;Gini;2019;28,9
14 Murcia, Región de;Gini;2018;31,7
14 Murcia, Región de;Gini;2017;31,4
14 Murcia, Región de;Gini;2016;32
14 Murcia, Región de;Gini;2015;33,3
14 Murcia, Región de;Gini;2014;33,7
14 Murcia, Región de;Gini;2013;31,1
14 Murcia, Región de;Gini;2012;29,7
14 Murcia, Región de;Gini;2011;29,7
14 Murcia, Región de;Gini;2010;31,5
14 Murcia, Región de;Gini;2009;31,9
14 Murcia, Región de;Gini;2008;30,6
14 Murcia, Región de;Gini (con alquiler imputado);2024;27,1
14 Murcia, Región de;Gini (con alquiler imputado);2023;25,9
14 Murcia, Región de;Gini (con alquiler imputado);2022;26,7
14 Murcia, Región de;Gini (con alquiler imputado);2021;27,8
14 Murcia, Región de;Gini (con alquiler imputado);2020;26,2
14 Murcia, Región de;Gini (con alquiler imputado);2019;26,6
14 Murcia, Región de;Gini (con alquiler imputado);2018;29,1
14 Murcia, Región de;Gini (con alquiler imputado);2017;28,5
14 Murcia, Región de;Gini (con alquiler imputado);2016;29,2
14 Murcia, Región de;Gini (con alquiler imputado);2015;30,6
14 Murcia, Región de;Gini (con alquiler imputado);2014;30,7
14 Murcia, Región de;Gini (con alquiler imputado);2013;29,1
14 Murcia, Región de;Gini (con alquiler imputado);2012;27,9
14 Murcia, Región de;Gini (con alquiler imputado);2011;27,4
14 Murcia, Región de;Gini (con alquiler imputado);2010;29,2
14 Murcia, Región de;Gini (con alquiler imputado);2009;29,9
14 Murcia, Región de;Gini (con alquiler imputado);2008;28,4
15 Navarra, Comunidad Foral de;Desigualdad (S80/S20);2024;5,5
15 Navarra, Comunidad Foral de;Desigualdad (S80/S20);2023;5,5
15 Navarra, Comunidad Foral de;Desigualdad (S80/S20);2022;5,4
15 Navarra, Comunidad Foral de;Desigualdad (S80/S20);2021;5,1
15 Navarra, Comunidad Foral de;Desigualdad (S80/S20);2020;4,5
15 Navarra, Comunidad Foral de;Desigualdad (S80/S20);2019;3,9
15 Navarra, Comunidad Foral de;Desigualdad (S80/S20);2018;4,1
15 Navarra, Comunidad Foral de;Desigualdad (S80/S20);2017;4,4
15 Navarra, Comunidad Foral de;Desigualdad (S80/S20);2016;4,6
15 Navarra, Comunidad Foral de;Desigualdad (S80/S20);2015;4,8
15 Navarra, Comunidad Foral de;Desigualdad (S80/S20);2014;4,9
15 Navarra, Comunidad Foral de;Desigualdad (S80/S20);2013;4,5
15 Navarra, Comunidad Foral de;Desigualdad (S80/S20);2012;4,8
15 Navarra, Comunidad Foral de;Desigualdad (S80/S20);2011;4,7
15 Navarra, Comunidad Foral de;Desigualdad (S80/S20);2010;5,3
15 Navarra, Comunidad Foral de;Desigualdad (S80/S20);2009;4,7
15 Navarra, Comunidad Foral de;Desigualdad (S80/S20);2008;4,2
15 Navarra, Comunidad Foral de;Distribución de la renta S80/S20 (alquiler imputado);2024;5,2
15 Navarra, Comunidad Foral de;Distribución de la renta S80/S20 (alquiler imputado);2023;4,8
15 Navarra, Comunidad Foral de;Distribución de la renta S80/S20 (alquiler imputado);2022;4,7
15 Navarra, Comunidad Foral de;Distribución de la renta S80/S20 (alquiler imputado);2021;4,3
15 Navarra, Comunidad Foral de;Distribución de la renta S80/S20 (alquiler imputado);2020;4,1
15 Navarra, Comunidad Foral de;Distribución de la renta S80/S20 (alquiler imputado);2019;3,5
15 Navarra, Comunidad Foral de;Distribución de la renta S80/S20 (alquiler imputado);2018;3,6
15 Navarra, Comunidad Foral de;Distribución de la renta S80/S20 (alquiler imputado);2017;4,1
15 Navarra, Comunidad Foral de;Distribución de la renta S80/S20 (alquiler imputado);2016;4,1
15 Navarra, Comunidad Foral de;Distribución de la renta S80/S20 (alquiler imputado);2015;3,8
15 Navarra, Comunidad Foral de;Distribución de la renta S80/S20 (alquiler imputado);2014;4,2
15 Navarra, Comunidad Foral de;Distribución de la renta S80/S20 (alquiler imputado);2013;4,1
15 Navarra, Comunidad Foral de;Distribución de la renta S80/S20 (alquiler imputado);2012;4,8
15 Navarra, Comunidad Foral de;Distribución de la renta S80/S20 (alquiler imputado);2011;4,1
15 Navarra, Comunidad Foral de;Distribución de la renta S80/S20 (alquiler imputado);2010;4,9
15 Navarra, Comunidad Foral de;Distribución de la renta S80/S20 (alquiler imputado);2009;4,2
15 Navarra, Comunidad Foral de;Distribución de la renta S80/S20 (alquiler imputado);2008;3,8
15 Navarra, Comunidad Foral de;Gini;2024;30,7
15 Navarra, Comunidad Foral de;Gini;2023;30,1
15 Navarra, Comunidad Foral de;Gini;2022;30
15 Navarra, Comunidad Foral de;Gini;2021;28,7
15 Navarra, Comunidad Foral de;Gini;2020;27,3
15 Navarra, Comunidad Foral de;Gini;2019;24,3
15 Navarra, Comunidad Foral de;Gini;2018;24,7
15 Navarra, Comunidad Foral de;Gini;2017;26,5
15 Navarra, Comunidad Foral de;Gini;2016;27,7
15 Navarra, Comunidad Foral de;Gini;2015;26,2
15 Navarra, Comunidad Foral de;Gini;2014;28,1
15 Navarra, Comunidad Foral de;Gini;2013;28,3
15 Navarra, Comunidad Foral de;Gini;2012;30,3
15 Navarra, Comunidad Foral de;Gini;2011;29,9
15 Navarra, Comunidad Foral de;Gini;2010;30,5
15 Navarra, Comunidad Foral de;Gini;2009;28,7
15 Navarra, Comunidad Foral de;Gini;2008;27,2
15 Navarra, Comunidad Foral de;Gini (con alquiler imputado);2024;29,2
15 Navarra, Comunidad Foral de;Gini (con alquiler imputado);2023;28,1
15 Navarra, Comunidad Foral de;Gini (con alquiler imputado);2022;27,9
15 Navarra, Comunidad Foral de;Gini (con alquiler imputado);2021;26,6
15 Navarra, Comunidad Foral de;Gini (con alquiler imputado);2020;25,6
15 Navarra, Comunidad Foral de;Gini (con alquiler imputado);2019;22,9
15 Navarra, Comunidad Foral de;Gini (con alquiler imputado);2018;23,3
15 Navarra, Comunidad Foral de;Gini (con alquiler imputado);2017;24,9
15 Navarra, Comunidad Foral de;Gini (con alquiler imputado);2016;25,7
15 Navarra, Comunidad Foral de;Gini (con alquiler imputado);2015;24,7
15 Navarra, Comunidad Foral de;Gini (con alquiler imputado);2014;26,3
15 Navarra, Comunidad Foral de;Gini (con alquiler imputado);2013;26,7
15 Navarra, Comunidad Foral de;Gini (con alquiler imputado);2012;28,9
15 Navarra, Comunidad Foral de;Gini (con alquiler imputado);2011;27,6
15 Navarra, Comunidad Foral de;Gini (con alquiler imputado);2010;28,7
15 Navarra, Comunidad Foral de;Gini (con alquiler imputado);2009;27,3
15 Navarra, Comunidad Foral de;Gini (con alquiler imputado);2008;25,7
16 País Vasco;Desigualdad (S80/S20);2024;4,7
16 País Vasco;Desigualdad (S80/S20);2023;5
16 País Vasco;Desigualdad (S80/S20);2022;5
16 País Vasco;Desigualdad (S80/S20);2021;5
16 País Vasco;Desigualdad (S80/S20);2020;4,8
16 País Vasco;Desigualdad (S80/S20);2019;5,3
16 País Vasco;Desigualdad (S80/S20);2018;5,1
16 País Vasco;Desigualdad (S80/S20);2017;5,1
16 País Vasco;Desigualdad (S80/S20);2016;5
16 País Vasco;Desigualdad (S80/S20);2015;5,4
16 País Vasco;Desigualdad (S80/S20);2014;5,2
16 País Vasco;Desigualdad (S80/S20);2013;5,2
16 País Vasco;Desigualdad (S80/S20);2012;6,5
16 País Vasco;Desigualdad (S80/S20);2011;6,3
16 País Vasco;Desigualdad (S80/S20);2010;6,1
16 País Vasco;Desigualdad (S80/S20);2009;5,2
16 País Vasco;Desigualdad (S80/S20);2008;4,8
16 País Vasco;Distribución de la renta S80/S20 (alquiler imputado);2024;4,3
16 País Vasco;Distribución de la renta S80/S20 (alquiler imputado);2023;4,3
16 País Vasco;Distribución de la renta S80/S20 (alquiler imputado);2022;4,3
16 País Vasco;Distribución de la renta S80/S20 (alquiler imputado);2021;4,3
16 País Vasco;Distribución de la renta S80/S20 (alquiler imputado);2020;4,2
16 País Vasco;Distribución de la renta S80/S20 (alquiler imputado);2019;4,4
16 País Vasco;Distribución de la renta S80/S20 (alquiler imputado);2018;4,3
16 País Vasco;Distribución de la renta S80/S20 (alquiler imputado);2017;4,4
16 País Vasco;Distribución de la renta S80/S20 (alquiler imputado);2016;4,3
16 País Vasco;Distribución de la renta S80/S20 (alquiler imputado);2015;4,5
16 País Vasco;Distribución de la renta S80/S20 (alquiler imputado);2014;4,3
16 País Vasco;Distribución de la renta S80/S20 (alquiler imputado);2013;4,3
16 País Vasco;Distribución de la renta S80/S20 (alquiler imputado);2012;5,1
16 País Vasco;Distribución de la renta S80/S20 (alquiler imputado);2011;4,9
16 País Vasco;Distribución de la renta S80/S20 (alquiler imputado);2010;4,8
16 País Vasco;Distribución de la renta S80/S20 (alquiler imputado);2009;4,2
16 País Vasco;Distribución de la renta S80/S20 (alquiler imputado);2008;3,9
16 País Vasco;Gini;2024;29,1
16 País Vasco;Gini;2023;30,1
16 País Vasco;Gini;2022;29,4
16 País Vasco;Gini;2021;29,3
16 País Vasco;Gini;2020;28,8
16 País Vasco;Gini;2019;29,4
16 País Vasco;Gini;2018;30
16 País Vasco;Gini;2017;29,6
16 País Vasco;Gini;2016;29,1
16 País Vasco;Gini;2015;30,2
16 País Vasco;Gini;2014;29,3
16 País Vasco;Gini;2013;29,5
16 País Vasco;Gini;2012;31,9
16 País Vasco;Gini;2011;32,6
16 País Vasco;Gini;2010;31,6
16 País Vasco;Gini;2009;30,2
16 País Vasco;Gini;2008;29,6
16 País Vasco;Gini (con alquiler imputado);2024;27,3
16 País Vasco;Gini (con alquiler imputado);2023;27,8
16 País Vasco;Gini (con alquiler imputado);2022;26,8
16 País Vasco;Gini (con alquiler imputado);2021;26,6
16 País Vasco;Gini (con alquiler imputado);2020;26,5
16 País Vasco;Gini (con alquiler imputado);2019;26,6
16 País Vasco;Gini (con alquiler imputado);2018;27,3
16 País Vasco;Gini (con alquiler imputado);2017;26,9
16 País Vasco;Gini (con alquiler imputado);2016;26,6
16 País Vasco;Gini (con alquiler imputado);2015;27,2
16 País Vasco;Gini (con alquiler imputado);2014;26,6
16 País Vasco;Gini (con alquiler imputado);2013;27,1
16 País Vasco;Gini (con alquiler imputado);2012;28,8
16 País Vasco;Gini (con alquiler imputado);2011;29,5
16 País Vasco;Gini (con alquiler imputado);2010;28,6
16 País Vasco;Gini (con alquiler imputado);2009;27,1
16 País Vasco;Gini (con alquiler imputado);2008;26,3
17 Rioja, La;Desigualdad (S80/S20);2024;4,8
17 Rioja, La;Desigualdad (S80/S20);2023;4,6
17 Rioja, La;Desigualdad (S80/S20);2022;4,8
17 Rioja, La;Desigualdad (S80/S20);2021;5,1
17 Rioja, La;Desigualdad (S80/S20);2020;4,7
17 Rioja, La;Desigualdad (S80/S20);2019;5
17 Rioja, La;Desigualdad (S80/S20);2018;5,7
17 Rioja, La;Desigualdad (S80/S20);2017;4,5
17 Rioja, La;Desigualdad (S80/S20);2016;4,6
17 Rioja, La;Desigualdad (S80/S20);2015;5,5
17 Rioja, La;Desigualdad (S80/S20);2014;6,4
17 Rioja, La;Desigualdad (S80/S20);2013;6,8
17 Rioja, La;Desigualdad (S80/S20);2012;5,9
17 Rioja, La;Desigualdad (S80/S20);2011;6,2
17 Rioja, La;Desigualdad (S80/S20);2010;5,5
17 Rioja, La;Desigualdad (S80/S20);2009;5,1
17 Rioja, La;Desigualdad (S80/S20);2008;4,3
17 Rioja, La;Distribución de la renta S80/S20 (alquiler imputado);2024;4,3
17 Rioja, La;Distribución de la renta S80/S20 (alquiler imputado);2023;4
17 Rioja, La;Distribución de la renta S80/S20 (alquiler imputado);2022;3,9
17 Rioja, La;Distribución de la renta S80/S20 (alquiler imputado);2021;4,4
17 Rioja, La;Distribución de la renta S80/S20 (alquiler imputado);2020;4,1
17 Rioja, La;Distribución de la renta S80/S20 (alquiler imputado);2019;4,4
17 Rioja, La;Distribución de la renta S80/S20 (alquiler imputado);2018;4,8
17 Rioja, La;Distribución de la renta S80/S20 (alquiler imputado);2017;4
17 Rioja, La;Distribución de la renta S80/S20 (alquiler imputado);2016;4,4
17 Rioja, La;Distribución de la renta S80/S20 (alquiler imputado);2015;4,7
17 Rioja, La;Distribución de la renta S80/S20 (alquiler imputado);2014;5,4
17 Rioja, La;Distribución de la renta S80/S20 (alquiler imputado);2013;5,8
17 Rioja, La;Distribución de la renta S80/S20 (alquiler imputado);2012;5,1
17 Rioja, La;Distribución de la renta S80/S20 (alquiler imputado);2011;5,2
17 Rioja, La;Distribución de la renta S80/S20 (alquiler imputado);2010;4,6
17 Rioja, La;Distribución de la renta S80/S20 (alquiler imputado);2009;4,6
17 Rioja, La;Distribución de la renta S80/S20 (alquiler imputado);2008;4,1
17 Rioja, La;Gini;2024;29
17 Rioja, La;Gini;2023;28,3
17 Rioja, La;Gini;2022;28,2
17 Rioja, La;Gini;2021;29,3
17 Rioja, La;Gini;2020;28,2
17 Rioja, La;Gini;2019;29,3
17 Rioja, La;Gini;2018;30,5
17 Rioja, La;Gini;2017;28,3
17 Rioja, La;Gini;2016;28,5
17 Rioja, La;Gini;2015;31,1
17 Rioja, La;Gini;2014;31,9
17 Rioja, La;Gini;2013;31,7
17 Rioja, La;Gini;2012;31,8
17 Rioja, La;Gini;2011;31,5
17 Rioja, La;Gini;2010;30
17 Rioja, La;Gini;2009;31,5
17 Rioja, La;Gini;2008;28,5
17 Rioja, La;Gini (con alquiler imputado);2024;26,9
17 Rioja, La;Gini (con alquiler imputado);2023;25,8
17 Rioja, La;Gini (con alquiler imputado);2022;25,5
17 Rioja, La;Gini (con alquiler imputado);2021;27
17 Rioja, La;Gini (con alquiler imputado);2020;26,3
17 Rioja, La;Gini (con alquiler imputado);2019;26,9
17 Rioja, La;Gini (con alquiler imputado);2018;28,3
17 Rioja, La;Gini (con alquiler imputado);2017;26,2
17 Rioja, La;Gini (con alquiler imputado);2016;26,5
17 Rioja, La;Gini (con alquiler imputado);2015;28,3
17 Rioja, La;Gini (con alquiler imputado);2014;29,4
17 Rioja, La;Gini (con alquiler imputado);2013;29,3
17 Rioja, La;Gini (con alquiler imputado);2012;29,5
17 Rioja, La;Gini (con alquiler imputado);2011;29,3
17 Rioja, La;Gini (con alquiler imputado);2010;27,8
17 Rioja, La;Gini (con alquiler imputado);2009;29,6
17 Rioja, La;Gini (con alquiler imputado);2008;27
18 Ceuta;Desigualdad (S80/S20);2024;9,4
18 Ceuta;Desigualdad (S80/S20);2023;9,6
18 Ceuta;Desigualdad (S80/S20);2022;11
18 Ceuta;Desigualdad (S80/S20);2021;9,5
18 Ceuta;Desigualdad (S80/S20);2020;10,7
18 Ceuta;Desigualdad (S80/S20);2019;11,5
18 Ceuta;Desigualdad (S80/S20);2018;10,3
18 Ceuta;Desigualdad (S80/S20);2017;11,5
18 Ceuta;Desigualdad (S80/S20);2016;6,3
18 Ceuta;Desigualdad (S80/S20);2015;7,1
18 Ceuta;Desigualdad (S80/S20);2014;9,2
18 Ceuta;Desigualdad (S80/S20);2013;10,9
18 Ceuta;Desigualdad (S80/S20);2012;10,8
18 Ceuta;Desigualdad (S80/S20);2011;8,1
18 Ceuta;Desigualdad (S80/S20);2010;8,3
18 Ceuta;Desigualdad (S80/S20);2009;15
18 Ceuta;Desigualdad (S80/S20);2008;10,9
18 Ceuta;Distribución de la renta S80/S20 (alquiler imputado);2024;6,6
18 Ceuta;Distribución de la renta S80/S20 (alquiler imputado);2023;7,1
18 Ceuta;Distribución de la renta S80/S20 (alquiler imputado);2022;8,4
18 Ceuta;Distribución de la renta S80/S20 (alquiler imputado);2021;8,6
18 Ceuta;Distribución de la renta S80/S20 (alquiler imputado);2020;7,3
18 Ceuta;Distribución de la renta S80/S20 (alquiler imputado);2019;8,3
18 Ceuta;Distribución de la renta S80/S20 (alquiler imputado);2018;7,5
18 Ceuta;Distribución de la renta S80/S20 (alquiler imputado);2017;8,3
18 Ceuta;Distribución de la renta S80/S20 (alquiler imputado);2016;6,3
18 Ceuta;Distribución de la renta S80/S20 (alquiler imputado);2015;5
18 Ceuta;Distribución de la renta S80/S20 (alquiler imputado);2014;7
18 Ceuta;Distribución de la renta S80/S20 (alquiler imputado);2013;8
18 Ceuta;Distribución de la renta S80/S20 (alquiler imputado);2012;8,5
18 Ceuta;Distribución de la renta S80/S20 (alquiler imputado);2011;7,1
18 Ceuta;Distribución de la renta S80/S20 (alquiler imputado);2010;6,7
18 Ceuta;Distribución de la renta S80/S20 (alquiler imputado);2009;8,6
18 Ceuta;Distribución de la renta S80/S20 (alquiler imputado);2008;7
18 Ceuta;Gini;2024;39,9
18 Ceuta;Gini;2023;40,4
18 Ceuta;Gini;2022;42,4
18 Ceuta;Gini;2021;39,7
18 Ceuta;Gini;2020;40
18 Ceuta;Gini;2019;41,9
18 Ceuta;Gini;2018;42,2
18 Ceuta;Gini;2017;39,8
18 Ceuta;Gini;2016;35,6
18 Ceuta;Gini;2015;35
18 Ceuta;Gini;2014;43,2
18 Ceuta;Gini;2013;43,9
18 Ceuta;Gini;2012;41,6
18 Ceuta;Gini;2011;36
18 Ceuta;Gini;2010;36,8
18 Ceuta;Gini;2009;41,4
18 Ceuta;Gini;2008;39,8
18 Ceuta;Gini (con alquiler imputado);2024;36,8
18 Ceuta;Gini (con alquiler imputado);2023;36,4
18 Ceuta;Gini (con alquiler imputado);2022;38,5
18 Ceuta;Gini (con alquiler imputado);2021;36
18 Ceuta;Gini (con alquiler imputado);2020;36
18 Ceuta;Gini (con alquiler imputado);2019;37,6
18 Ceuta;Gini (con alquiler imputado);2018;38,1
18 Ceuta;Gini (con alquiler imputado);2017;36
18 Ceuta;Gini (con alquiler imputado);2016;32,8
18 Ceuta;Gini (con alquiler imputado);2015;31,1
18 Ceuta;Gini (con alquiler imputado);2014;38,5
18 Ceuta;Gini (con alquiler imputado);2013;39,3
18 Ceuta;Gini (con alquiler imputado);2012;37,9
18 Ceuta;Gini (con alquiler imputado);2011;33,5
18 Ceuta;Gini (con alquiler imputado);2010;33,5
18 Ceuta;Gini (con alquiler imputado);2009;35,9
18 Ceuta;Gini (con alquiler imputado);2008;35,8
19 Melilla;Desigualdad (S80/S20);2024;10,6
19 Melilla;Desigualdad (S80/S20);2023;11,5
19 Melilla;Desigualdad (S80/S20);2022;12,4
19 Melilla;Desigualdad (S80/S20);2021;14,1
19 Melilla;Desigualdad (S80/S20);2020;15
19 Melilla;Desigualdad (S80/S20);2019;13,9
19 Melilla;Desigualdad (S80/S20);2018;9,1
19 Melilla;Desigualdad (S80/S20);2017;7,1
19 Melilla;Desigualdad (S80/S20);2016;8,2
19 Melilla;Desigualdad (S80/S20);2015;7,4
19 Melilla;Desigualdad (S80/S20);2014;10,1
19 Melilla;Desigualdad (S80/S20);2013;10,1
19 Melilla;Desigualdad (S80/S20);2012;5,4
19 Melilla;Desigualdad (S80/S20);2011;10,7
19 Melilla;Desigualdad (S80/S20);2010;7,6
19 Melilla;Desigualdad (S80/S20);2009;9,9
19 Melilla;Desigualdad (S80/S20);2008;6,4
19 Melilla;Distribución de la renta S80/S20 (alquiler imputado);2024;8,4
19 Melilla;Distribución de la renta S80/S20 (alquiler imputado);2023;8,4
19 Melilla;Distribución de la renta S80/S20 (alquiler imputado);2022;10,4
19 Melilla;Distribución de la renta S80/S20 (alquiler imputado);2021;11,4
19 Melilla;Distribución de la renta S80/S20 (alquiler imputado);2020;11,1
19 Melilla;Distribución de la renta S80/S20 (alquiler imputado);2019;10,7
19 Melilla;Distribución de la renta S80/S20 (alquiler imputado);2018;7,4
19 Melilla;Distribución de la renta S80/S20 (alquiler imputado);2017;5,5
19 Melilla;Distribución de la renta S80/S20 (alquiler imputado);2016;6,7
19 Melilla;Distribución de la renta S80/S20 (alquiler imputado);2015;6
19 Melilla;Distribución de la renta S80/S20 (alquiler imputado);2014;8,2
19 Melilla;Distribución de la renta S80/S20 (alquiler imputado);2013;9,6
19 Melilla;Distribución de la renta S80/S20 (alquiler imputado);2012;9
19 Melilla;Distribución de la renta S80/S20 (alquiler imputado);2011;8,6
19 Melilla;Distribución de la renta S80/S20 (alquiler imputado);2010;6,6
19 Melilla;Distribución de la renta S80/S20 (alquiler imputado);2009;6,4
19 Melilla;Distribución de la renta S80/S20 (alquiler imputado);2008;5
19 Melilla;Gini;2024;42,3
19 Melilla;Gini;2023;41,1
19 Melilla;Gini;2022;41,2
19 Melilla;Gini;2021;41,2
19 Melilla;Gini;2020;43,9
19 Melilla;Gini;2019;40,7
19 Melilla;Gini;2018;37,3
19 Melilla;Gini;2017;33,3
19 Melilla;Gini;2016;33,5
19 Melilla;Gini;2015;35
19 Melilla;Gini;2014;41
19 Melilla;Gini;2013;42,5
19 Melilla;Gini;2012;33,7
19 Melilla;Gini;2011;39,5
19 Melilla;Gini;2010;34,2
19 Melilla;Gini;2009;34,2
19 Melilla;Gini;2008;30,2
19 Melilla;Gini (con alquiler imputado);2024;39,8
19 Melilla;Gini (con alquiler imputado);2023;38
19 Melilla;Gini (con alquiler imputado);2022;38,7
19 Melilla;Gini (con alquiler imputado);2021;38,3
19 Melilla;Gini (con alquiler imputado);2020;40,7
19 Melilla;Gini (con alquiler imputado);2019;38
19 Melilla;Gini (con alquiler imputado);2018;35,1
19 Melilla;Gini (con alquiler imputado);2017;31
19 Melilla;Gini (con alquiler imputado);2016;32,1
19 Melilla;Gini (con alquiler imputado);2015;32,8
19 Melilla;Gini (con alquiler imputado);2014;38,2
19 Melilla;Gini (con alquiler imputado);2013;40,4
19 Melilla;Gini (con alquiler imputado);2012;33,1
19 Melilla;Gini (con alquiler imputado);2011;36,4
19 Melilla;Gini (con alquiler imputado);2010;31,3
19 Melilla;Gini (con alquiler imputado);2009;31,3
19 Melilla;Gini (con alquiler imputado);2008;27,7
